<?xml version="1.0" encoding="UTF-8"?>
<!DOCTYPE mapper PUBLIC "-//mybatis.org//DTD Mapper 3.0//EN" "http://mybatis.org/dtd/mybatis-3-mapper.dtd">
 
<!-- 다른 mapper와 중복되지 않도록 네임스페이스 기재 -->
<mapper namespace="reply">
    
    <!-- 1. 댓글 입력 -->
    <insert id="insertReply">
        INSERT INTO PR_REPLY (rno, bno, replytext, replyer)
        VALUES (reply_seq.NEXTVAL, #{bno}, #{replytext}, #{replyer})
    </insert>
    
    
    <!-- 2. 댓글 목록 -->
    <select id="listReply" resultType="ReplyVO">
        <include refid="pagingHeader"/>
             SELECT
              r.rno, bno, r.replytext, r.replyer, r.regdate, r.updatedate,
              u.name AS userName,
              (SELECT writer FROM PR_BOARD WHERE bno = r.bno) AS writer
            FROM PR_REPLY r, PR_USER u
            WHERE
              r.replyer = u.nick
              AND bno = #{bno}
            ORDER BY rno
        <include refid="pagingFooter"/>
    </select>
    
    <!-- 3. 댓글 상세보기 -->
    <select id="detailReply" resultType="ReplyVO">
        SELECT rno, bno, replytext, replyer, regdate, updatedate FROM PR_REPLY
        WHERE rno = #{rno}
    </select>
    
    <!-- 4. 댓글 수정 -->
    <select id="updateReply">
        UPDATE PR_REPLY 
        SET replytext = #{replytext}
        WHERE rno = #{rno}
    </select>
    
    <!-- 5. 댓글 삭제 -->
    <delete id="deleteReply">
        DELETE FROM PR_REPLY
        WHERE rno = #{rno}
    </delete>
    
    <!-- 6 .댓글 갯수(for 페이징처리) -->
    <select id="countReply" resultType="int">
        SELECT COUNT(*) FROM PR_REPLY WHERE bno=#{bno}
    </select>
    
    <!-- 페이징 sql -->
    <sql id="pagingHeader">
        SELECT * FROM (
            SELECT ROWNUM AS rn, A.* FROM (
    </sql>
    <sql id="pagingFooter">
            ) A
        ) WHERE rn BETWEEN #{start} AND #{end}
    </sql>
</mapper>