<?xml version="1.0" encoding="UTF-8"?>
<!DOCTYPE mapper PUBLIC "-//mybatis.org//DTD Mapper 3.0//EN" "http://mybatis.org/dtd/mybatis-3-mapper.dtd">
<mapper namespace="resume">

	<insert id="registConfirm">
		INSERT INTO PR_RESUME VALUES (
		#{motto}, #{is_work}, #{profile_photo}, #{name}, #{birthday}, #{cell_num},
		#{cnum_is_open},
		#{email}, #{email_is_open}, #{blog}, #{address}, #{address_is_open},
		#{prefer_place},
		#{acq_date}, #{acq_name}, #{gradu_year}, #{edu_info}, #{career_year},
		#{career_info}, #{abb}, #{tech_name}, #{tech_percent}, #{age}, #{color}, #{prefer_job}, #{loginemail}
		)
	</insert>
	
	<select id="resumeList" resultType="ResumeVO">
		<include refid="pagingHeader"></include>           
			SELECT a.name, a.age, a.prefer_job, a.prefer_place, a.motto, a.email, a.profile_photo,
			 (select count(*) from pr_good WHERE good_email = a.email) as goodCount,
			 (select count(*) from pr_follow where following_nick=b.nick) as followCount
			FROM pr_resume a, pr_user b
			where a.email = b.email
            and <include refid="search"></include>
        <include refid="pagingFooter"></include>    
	</select>
	
	<select id="countArticle" resultType="int">
       SELECT COUNT(*) FROM pr_resume a 
       where <include refid="search"></include>
    </select>

	<select id="resumeDetail" resultType="ResumeVO">
		SELECT *
		FROM PR_RESUME
		WHERE email=#{email}
	</select>
	
   <update id="modify">   
          UPDATE pr_resume SET 
          motto = #{motto}, is_work=#{is_work}, profile_photo=#{profile_photo}, name=#{name}, birthday=#{birthday}, cell_num=#{cell_num}, cnum_is_open=#{cnum_is_open}, 
		  loginemail=#{loginemail}, email_is_open=#{email_is_open}, blog=#{blog}, address=#{address}, address_is_open=#{address_is_open}, prefer_place=#{prefer_place}, 
		  acq_date=#{acq_date}, acq_name=#{acq_name}, gradu_year=#{gradu_year}, edu_info=#{edu_info}, 
		  career_year=#{career_year}, career_info=#{career_info}, abb=#{abb}, tech_name=#{tech_name}, tech_percent=#{tech_percent}, age=#{age}, color=#{color}, prefer_job=#{prefer_job}
          WHERE email=#{email}
    </update>


	<sql id="search">
	    <choose>
	        <!-- 검색옵션이 전체 검색일 경우 -->
	        <when test="searchOption == 'all'">
	           (  upper(a.prefer_job) like '%'|| upper(#{keyword})||'%'
	            OR  upper(a.prefer_place) like '%'|| upper(#{keyword})||'%'
	            OR upper(a.acq_name) like '%'||upper(#{keyword})||'%'
	            OR upper(a.tech_name) like '%'||upper(#{keyword})||'%' )
	        </when>
	    
	        <!-- 전체 검색이 아닐 경우 -->
	        <otherwise>
	           upper(a.${searchOption}) like '%'||upper(#{keyword})||'%'
	           
	        </otherwise>
	    </choose>
	</sql>
	
		<!-- 페이징 sql -->
	<sql id="pagingHeader">
	    SELECT * FROM (
	        SELECT ROWNUM AS rn, A.* FROM (
	</sql>
	
	<sql id="pagingFooter">
	        ) A
	    ) WHERE rn BETWEEN #{start} AND #{end}
	</sql>
	
	<select id="mainList" resultType="ResumeVO">
		SELECT a.name, a.age, a.prefer_place, a.prefer_job, a.motto, a.email, a.profile_photo,
			 (select count(*) from pr_good WHERE good_email = a.email) as goodCount,
			 (select count(*) from pr_follow where following_nick=b.nick) as followCount
			FROM pr_resume a, pr_user b
			where a.email = b.email
			ORDER BY dbms_random.value
	</select>
	
	<!-- 팔로우 -->
	<insert id="followMember">
		INSERT INTO PR_FOLLOW(follower_nick, following_nick)
		VALUES (#{follower_nick}, #{following_nick})
	</insert>
		
	<!-- 언팔로우 -->
	<delete id="unfollowMember">
		DELETE FROM PR_FOLLOW
		WHERE follower_nick = #{follower_nick}
		AND following_nick = #{following_nick}
	</delete>
	
	<!-- 팔로잉 하고 있는지 체크 -->
	<select id="is_follow" parameterType="Map" resultType="String">
		SELECT COUNT(*)
		FROM PR_FOLLOW
		WHERE follower_nick = #{follower_nick}
		AND following_nick = #{following_nick}
	</select>

	<!-- 팔로잉 목록 -->
	<select id="followingList" parameterType="String" resultType="FollowVO">
		SELECT a.*, (select profile FROM pr_user where nick = a.following_nick) as profile, (select name from pr_user where nick = a.following_nick) as name
		FROM PR_FOLLOW a
		WHERE follower_nick = #{FOLLOWER_NICK}
	</select>
	
	<!-- 팔로워 목록 -->
	<select id="followerList" parameterType="String" resultType="FollowVO">
		SELECT a.*, (select profile FROM pr_user where nick = a.follower_nick) as profile,  (select name from pr_user where nick = a.follower_nick) as name 
		FROM PR_FOLLOW a
		WHERE following_nick = #{following_nick}
	</select>
	
	<!-- 좋아요 -->
	<insert id="good">
		INSERT INTO PR_GOOD(good_nick, good_email)
		VALUES (#{good_nick}, #{good_email})
	</insert>
	
	<!-- 좋아요 취소 -->
	<delete id="ungood">
		DELETE FROM PR_GOOD
		WHERE good_nick = #{good_nick}
		AND good_email = #{good_email}
	</delete>
	
	<!-- 내가 좋아요 하고 있는지 체크 -->
	<select id="is_good" parameterType="GoodVO" resultType="String">
		SELECT COUNT(*)
		FROM PR_GOOD
		WHERE good_nick = #{good_nick}
		AND good_email = #{good_email}
	</select>
	
	<select id="is_regist" parameterType="String" resultType="int">
		SELECT COUNT(*)
		FROM PR_RESUME
		WHERE email=#{email}
	</select>
</mapper>