<!DOCTYPE tiles-definitions PUBLIC
  "-//Apache Software Foundation//DTD Tiles Configuration 3.0//EN"
  "http://tiles.apache.org/dtds/tiles-config_3_0.dtd">
 
<tiles-definitions>
 
    <!-- 서브헤더+메뉴+푸터 표시 -->
    <definition name="basic" template="/WEB-INF/tiles/template.jsp">
        <put-attribute name="header" value="/WEB-INF/tiles/subheader.jsp" />
        <put-attribute name="footer" value="/WEB-INF/tiles/footer.jsp" />
    </definition>
 
    <definition name="basic/*/*" extends="basic">
        <put-attribute name="body" value="/WEB-INF/views/{1}/{2}.jsp" />
    </definition>
 <!-- 
     <definition name="*/*.page" extends="basic">
         <put-attribute name="body" value="/WEB-INF/views/{1}/{2}.jsp" />
     </definition>
    
    <definition name="*/*/*.page" extends="basic">
        <put-attribute name="body" value="/WEB-INF/views/{1}/{2}/{3}.jsp" />
    </definition> -->
     <!-- 헤더+메뉴+푸터 표시 -->
    <definition name="_main" template="/WEB-INF/tiles/template.jsp">
        <put-attribute name="header" value="/WEB-INF/tiles/header.jsp" />
        <put-attribute name="footer" value="/WEB-INF/tiles/footer.jsp" />
    </definition>
 
    <definition name="_main/*/*" extends="_main">
        <put-attribute name="body" value="/WEB-INF/views/{1}/{2}.jsp" />
    </definition>
    <!-- 메뉴 만 -->
    <definition name="menu" template="/WEB-INF/tiles/templateMenu.jsp">

    </definition>
    
     <definition name="menu/*/*" extends="menu">
         <put-attribute name="body" value="/WEB-INF/views/{1}/{2}.jsp" />
     </definition>
    <!-- 메뉴 + 푸터  -->
    <definition name="footmenu" template="/WEB-INF/tiles/templatefootmenu.jsp">
		 <put-attribute name="footer" value="/WEB-INF/tiles/footer.jsp" />
    </definition>
    
     <definition name="footmenu/*/*" extends="footmenu">
        <put-attribute name="body" value="/WEB-INF/views/{1}/{2}.jsp" />
    </definition>     
    
</tiles-definitions>