<?xml version="1.0" encoding="UTF-8"?>
<beans:beans xmlns="http://www.springframework.org/schema/mvc"
	xmlns:xsi="http://www.w3.org/2001/XMLSchema-instance"
	xmlns:security="http://www.springframework.org/schema/security"
	xmlns:beans="http://www.springframework.org/schema/beans"
	xmlns:context="http://www.springframework.org/schema/context"
	xmlns:websocket="http://www.springframework.org/schema/websocket"
	xmlns:task="http://www.springframework.org/schema/task"
	xsi:schemaLocation="http://www.springframework.org/schema/mvc http://www.springframework.org/schema/mvc/spring-mvc.xsd
		http://www.springframework.org/schema/beans http://www.springframework.org/schema/beans/spring-beans.xsd
		http://www.springframework.org/schema/security
   		http://www.springframework.org/schema/security/spring-security.xsd
   		http://www.springframework.org/schema/websocket http://www.springframework.org/schema/websocket/spring-websocket-4.1.xsd
		http://www.springframework.org/schema/context http://www.springframework.org/schema/context/spring-context.xsd
		http://www.springframework.org/schema/task http://www.springframework.org/schema/task/spring-task-3.0.xsd">
		
	<!-- DispatcherServlet Context: defines this servlet's request-processing infrastructure -->
	
	<!-- Enables the Spring MVC @Controller programming model -->
	<annotation-driven />
	
	
	<!-- Handles HTTP GET requests for /resources/** by efficiently serving up static resources in the ${webappRoot}/resources directory -->
	<resources mapping="/resources/**" location="/resources/" />

	<!-- Resolves views selected for rendering by @Controllers to .jsp resources in the /WEB-INF/views directory -->
	<beans:bean class="org.springframework.web.servlet.view.InternalResourceViewResolver">
		<beans:property name="prefix" value="/WEB-INF/views/" />
		<beans:property name="suffix" value=".jsp" />
		<beans:property name="order" value="2" />
	</beans:bean>
	
	<context:component-scan base-package="com.DevelopPR" />
	
    	
	<!-- DB PASSWD Security using bcrypt -->
	<beans:bean id="bcryptPasswordEncoder" class="org.springframework.security.crypto.bcrypt.BCryptPasswordEncoder" />  
	

	<beans:bean id="multipartResolver" class="org.springframework.web.multipart.commons.CommonsMultipartResolver">
        <beans:property name="maxUploadSize" value="100000000" />
        <beans:property name="maxInMemorySize" value="100000000" />
    </beans:bean>

	 <!-- 웹소켓 서버 핸들러 -->
  	<websocket:handlers>
		<websocket:mapping handler="myHandler" path="/chat-ws"/>
			<websocket:handshake-interceptors>
			<beans:bean class="org.springframework.web.socket.server.support.HttpSessionHandshakeInterceptor"/>
		</websocket:handshake-interceptors>	
	</websocket:handlers>

	<beans:bean id="myHandler" class="com.DevelopPR.meet.util.WebSocket"/>
	
	<!-- 프로젝트 폼 파일 업로드 경로 추가 -->
	<!-- String uploadPath = new String("업로드 경로") -->
	<beans:bean id="uploadPath" class="java.lang.String">
    <!-- 파일업로드 디렉토리-->
    <beans:constructor-arg value="/opt/apache-tomcat-9.0.14/webapps/DevelopPR/resources/project_upload/"/>
   </beans:bean> 
	


<!-- 파일 다운로드 -->
    <beans:bean id="fileDownload" class="com.DevelopPR.project.controller.FileDownload">
    </beans:bean>
    <beans:bean id="fileViewResolver" class="org.springframework.web.servlet.view.BeanNameViewResolver">
    </beans:bean>
   

     <!-- Tiles -->
    <beans:bean id="tilesConfigurer" class="org.springframework.web.servlet.view.tiles3.TilesConfigurer">
        <beans:property name="definitions">
            <beans:list>
                <beans:value>/WEB-INF/tiles/tiles.xml</beans:value>
            </beans:list>
        </beans:property>
    </beans:bean>        
    <beans:bean id="tilesViewResolver" class="org.springframework.web.servlet.view.UrlBasedViewResolver">
        <beans:property name="viewClass" value="org.springframework.web.servlet.view.tiles3.TilesView" />
        <beans:property name="order" value="1" />
    </beans:bean>    
    <!-- naver api -->
    <beans:bean id="naverLoginBO" class="com.DevelopPR.util.NaverloginBO" />
    
    <!-- Spring task 스케쥴러설정 -->
	<task:annotation-driven />
	<task:scheduler id="scheduler" pool-size="10" />


</beans:beans>
