<?xml version="1.0" encoding="UTF-8"?>
<beans xmlns="http://www.springframework.org/schema/beans"
	xmlns:xsi="http://www.w3.org/2001/XMLSchema-instance"
	xmlns:context="http://www.springframework.org/schema/context"
	xmlns:mybatis-spring="http://mybatis.org/schema/mybatis-spring"
	xmlns:aop="http://www.springframework.org/schema/aop"
	xmlns:tx="http://www.springframework.org/schema/tx"	
	xsi:schemaLocation="http://mybatis.org/schema/mybatis-spring http://mybatis.org/schema/mybatis-spring-1.2.xsd
		http://www.springframework.org/schema/beans http://www.springframework.org/schema/beans/spring-beans.xsd
		http://www.springframework.org/schema/context http://www.springframework.org/schema/context/spring-context-4.1.xsd
		http://www.springframework.org/schema/aop http://www.springframework.org/schema/aop/spring-aop-4.3.xsd
		http://www.springframework.org/schema/tx http://www.springframework.org/schema/tx/spring-tx-4.3.xsd">
 	<!-- mybatis-spring추가 -->
  	<!-- Root Context: defines shared resources visible to all other web components -->
	
	<bean id="dataSource"
       class="org.springframework.jdbc.datasource.SimpleDriverDataSource">
		<property name="driverClass" value="oracle.jdbc.driver.OracleDriver" />
        <!-- 연결문자열에 log4jdbc가 추가됨 -->
 		<property name="url" value="jdbc:oracle:thin:@plzpickme.ccjzzppvlw7f.ap-northeast-2.rds.amazonaws.com:1521:ORCL" />
		<property name="username" value="isb9082" />
		<property name="password" value="TksxhRl21" />
    </bean>
    
    <!-- SqlSessionFactory 객체 주입 -->
    <bean id="sqlSessionFactory" class="org.mybatis.spring.SqlSessionFactoryBean">
        <property name="dataSource" ref="dataSource" />
        <property name="configLocation" value="classpath:/mybatis-config.xml"></property>
        <property name="mapperLocations" value="classpath:/mappers/**/*Mapper.xml"></property>
    </bean>
    <!-- SqlSession 객체 주입 -->
    <bean id="sqlSession" class="org.mybatis.spring.SqlSessionTemplate" destroy-method="clearCache">
        <constructor-arg name="sqlSessionFactory" ref="sqlSessionFactory"></constructor-arg>
    </bean>	
        <bean id="mailSender" class="org.springframework.mail.javamail.JavaMailSenderImpl">
		<property name="host" value="smtp.gmail.com" />
		<property name="port" value="587" />
		<property name="username" value="developprmail@gmail.com" />
		<property name="password" value="khacademy" />

	<!-- email 요청시는 SMTP -->
		<property name="javaMailProperties">
			<props>
				<prop key="mail.transport.protocol">smtp</prop>
				<prop key="mail.smtp.auth">true</prop>
				<prop key="mail.smtp.starttls.enable">true</prop>
				<prop key="mail.debug">true</prop>
			</props>
		</property>
	</bean>
	<!-- 트랜잭션 관련 설정 -->
	<bean id="transactionManager" class="org.springframework.jdbc.datasource.DataSourceTransactionManager">
		<property name="dataSource" ref="dataSource"/>
	</bean>
	<!-- 트랜잭션 관련 어노테이션을 자동인식하는 옵션 -->
	<tx:annotation-driven/>
	
	<!-- Google 소셜 로그인 연결 설정 -->
	<bean id = "googleConnectionFactory" class="org.springframework.social.google.connect.GoogleConnectionFactory">
		<constructor-arg value="201807397119-uamv9c4rn5fckennlpcjvl5mn2goq92f.apps.googleusercontent.com"/>
		<constructor-arg value="99N0jUk2EytdUOaHqmSSmGMR"/>    
	</bean>
 
	<bean id = "googleOAuth2Parameters" class="org.springframework.social.oauth2.OAuth2Parameters">
		<property name="scope" value="https://www.googleapis.com/auth/userinfo.email"></property>
		<property name="redirectUri" value="https://developpr.org/DevelopPR/user/googleCallback"/>
	</bean>
    
    <!-- Facebook 소셜 로그인 연결 설정 -->
    <bean id="connectionFactory"
        class="org.springframework.social.facebook.connect.FacebookConnectionFactory">
        <constructor-arg value="2261313500824102" />
        <constructor-arg value="4f6490609776bda6451caa67b426c0c3" />
    </bean>
 
    <bean id="oAuth2Parameters"
        class="org.springframework.social.oauth2.OAuth2Parameters">
        <property name="scope" value="email" />
        <property name="redirectUri" value="https://developpr.org/DevelopPR/user/facebookcallback" />
    </bean>


<!-- 밸리데이터 등록 -->
<bean id="validator" class="org.springframework.validation.beanvalidation.LocalValidatorFactoryBean"/>

    
</beans>

